edge_idx,src,tgt,a1,a2,prob,true_label,edge_class
0,0,1,0.09519338607788086,0.030636191368103027,0.08532705157995224,0.0,TN
1,0,2,0.09699687361717224,0.058687642216682434,0.08191747218370438,0.0,TN
2,0,3,0.09827440977096558,0.08098075538873672,0.10930420458316803,0.0,TN
3,0,7,0.08080658316612244,0.13220572471618652,0.09445273876190186,0.0,TN
4,0,8,0.08977755904197693,0.04774819314479828,0.08599692583084106,0.0,TN
5,0,9,0.0915713682770729,0.09067162871360779,0.08929888904094696,0.0,TN
6,0,10,0.09456285089254379,0.04534756764769554,0.09245188534259796,0.0,TN
7,0,11,0.07974773645401001,0.0655880868434906,0.09670929610729218,0.0,TN
8,0,14,0.09357503056526184,0.09382994472980499,0.08973819017410278,0.0,TN
9,0,15,0.08490543067455292,0.06819915771484375,0.09285566210746765,0.0,TN
10,1,0,0.09519338607788086,0.030636191368103027,0.08532705157995224,0.0,TN
11,1,2,0.0934499055147171,0.6455546617507935,0.7374640703201294,1.0,TP
12,1,3,0.0953066349029541,0.04823451116681099,0.08166468143463135,0.0,TN
13,1,7,0.07766538858413696,0.03789287805557251,0.15071935951709747,0.0,TN
14,1,8,0.08681085705757141,0.021323611959815025,0.24805369973182678,0.0,TN
15,1,9,0.08931799232959747,0.07137029618024826,0.529492974281311,1.0,FN
16,1,10,0.0907105803489685,0.026235166937112808,0.08636882901191711,0.0,TN
17,1,11,0.07735651731491089,0.011354709044098854,0.1121567040681839,0.0,TN
18,1,12,0.09524920582771301,0.016526740044355392,0.09392073005437851,0.0,TN
19,1,14,0.09085549414157867,0.06338968127965927,0.10573139041662216,0.0,TN
20,1,15,0.08225801587104797,0.040156442672014236,0.08730879426002502,0.0,TN
21,2,0,0.09699687361717224,0.058687642216682434,0.08191747218370438,0.0,TN
22,2,1,0.0934499055147171,0.6455546617507935,0.7374640703201294,1.0,TP
23,2,3,0.09613285213708878,0.23763087391853333,0.08879002183675766,0.0,TN
24,2,7,0.07821580767631531,0.11121293902397156,0.148369699716568,0.0,TN
25,2,8,0.08848127722740173,0.04607124999165535,0.1082349419593811,0.0,TN
26,2,9,0.09031200408935547,0.05297066271305084,0.26982301473617554,0.0,TN
27,2,10,0.0924188420176506,0.04357384890317917,0.1817096471786499,0.0,TN
28,2,11,0.07771823555231094,0.035173505544662476,0.17868152260780334,0.0,TN
29,2,12,0.0974457710981369,0.040713224560022354,0.20990881323814392,0.0,TN
30,2,14,0.09188243001699448,0.17890551686286926,0.1050671711564064,0.0,TN
31,2,15,0.08314408361911774,0.11417709290981293,0.12122230976819992,0.0,TN
32,3,0,0.09827440977096558,0.08098075538873672,0.10930420458316803,0.0,TN
33,3,1,0.0953066349029541,0.04823451116681099,0.08166468143463135,0.0,TN
34,3,2,0.09613285213708878,0.23763087391853333,0.08879002183675766,0.0,TN
35,3,7,0.08191506564617157,0.06523455679416656,0.0810864195227623,0.0,TN
36,3,8,0.08992128074169159,0.06992153823375702,0.09559022635221481,0.0,TN
37,3,9,0.0924651026725769,0.09867414087057114,0.07946909964084625,0.0,TN
38,3,11,0.08066275715827942,0.046478912234306335,0.08257736265659332,0.0,TN
39,3,14,0.09570518136024475,0.03199062496423721,0.26205089688301086,0.0,TN
40,3,15,0.08759784698486328,0.023753605782985687,0.13803568482398987,0.0,TN
41,3,16,0.0997098833322525,0.044231779873371124,0.1720970869064331,0.0,TN
42,4,5,0.10141317546367645,0.2878040671348572,0.6873599290847778,0.0,TN
43,4,6,0.10172207653522491,0.11103756725788116,0.6997612714767456,0.0,TN
44,4,17,0.09934061765670776,0.06884373724460602,0.09112245589494705,0.0,TN
45,4,18,0.09998039901256561,0.028285980224609375,0.09150098264217377,0.0,TN
46,4,19,0.08842335641384125,0.05956067889928818,0.0929320752620697,0.0,TN
47,4,20,0.08555155992507935,0.04909374937415123,0.09747456014156342,0.0,TN
48,4,21,0.09146347641944885,0.03006676584482193,0.09052562713623047,0.0,TN
49,4,22,0.08259198069572449,0.04727710038423538,0.07953814417123795,0.0,TN
50,4,30,0.08191885054111481,0.07814469933509827,0.08709649741649628,0.0,TN
51,4,31,0.08480332046747208,0.16606272757053375,0.08820296823978424,0.0,TN
52,5,4,0.10141317546367645,0.2878040671348572,0.6873599290847778,0.0,TN
53,5,6,0.10086329281330109,0.4344397187232971,0.7142559289932251,0.0,FP
54,5,17,0.10051439702510834,0.0389094278216362,0.08530601859092712,0.0,TN
55,5,18,0.09971978515386581,0.027878452092409134,0.06663155555725098,0.0,TN
56,5,19,0.08920688927173615,0.03616555780172348,0.07611741125583649,0.0,TN
57,5,20,0.08587998151779175,0.03675690293312073,0.06915425509214401,0.0,TN
58,5,21,0.09120646119117737,0.03060845285654068,0.0671253502368927,0.0,TN
59,5,22,0.08286995440721512,0.034539446234703064,0.0910208597779274,0.0,TN
60,5,30,0.0814196988940239,0.08814352750778198,0.07773026823997498,0.0,TN
61,5,31,0.08498666435480118,0.12190330028533936,0.07908037304878235,0.0,TN
62,6,4,0.10172207653522491,0.11103756725788116,0.6997612714767456,0.0,TN
63,6,5,0.10086329281330109,0.4344397187232971,0.7142559289932251,0.0,FP
64,6,17,0.10141148418188095,0.0941266119480133,0.4137926399707794,0.0,TN
65,6,18,0.1009465903043747,0.21890714764595032,0.5990664958953857,0.0,TN
66,6,19,0.08989572525024414,0.03093538247048855,0.08491675555706024,0.0,TN
67,6,20,0.08606849610805511,0.04490493983030319,0.15435729920864105,0.0,TN
68,6,21,0.0919051319360733,0.03213845565915108,0.11024539172649384,0.0,TN
69,6,22,0.0836019515991211,0.030527301132678986,0.10431992262601852,0.0,TN
70,6,30,0.08220690488815308,0.0819268450140953,0.08074463903903961,0.0,TN
71,6,31,0.0852537751197815,0.1280471533536911,0.08292002975940704,0.0,TN
72,7,0,0.08080658316612244,0.13220572471618652,0.09445273876190186,0.0,TN
73,7,1,0.07766538858413696,0.03789287805557251,0.15071935951709747,0.0,TN
74,7,2,0.07821580767631531,0.11121293902397156,0.148369699716568,0.0,TN
75,7,3,0.08191506564617157,0.06523455679416656,0.0810864195227623,0.0,TN
76,7,8,0.07366416603326797,0.2126743048429489,0.7306575179100037,0.0,FP
77,7,9,0.07484279572963715,0.07151611149311066,0.512403130531311,0.0,TN
78,7,10,0.07699881494045258,0.03590485826134682,0.0754036232829094,0.0,TN
79,7,11,0.0637718066573143,0.04065944254398346,0.4934012293815613,0.0,TN
80,7,12,0.08166112005710602,0.026178913190960884,0.09029655903577805,0.0,TN
81,7,13,0.07784219086170197,0.06464216858148575,0.09847783297300339,0.0,TN
82,7,14,0.07792380452156067,0.04724865406751633,0.4399428963661194,1.0,FN
83,7,15,0.06985391676425934,0.08871997892856598,0.5551693439483643,1.0,FN
84,7,16,0.08153818547725677,0.12578177452087402,0.07728525996208191,0.0,TN
85,7,23,0.05681532248854637,0.07427512109279633,0.5413482189178467,0.0,TN
86,7,24,0.0638023391366005,0.07214698195457458,0.08613154292106628,0.0,TN
87,7,26,0.07246176898479462,0.13710711896419525,0.0986676886677742,0.0,TN
88,8,0,0.08977755904197693,0.04774819314479828,0.08599692583084106,0.0,TN
89,8,1,0.08681085705757141,0.021323611959815025,0.24805369973182678,0.0,TN
90,8,2,0.08848127722740173,0.04607124999165535,0.1082349419593811,0.0,TN
91,8,3,0.08992128074169159,0.06992153823375702,0.09559022635221481,0.0,TN
92,8,7,0.07366416603326797,0.2126743048429489,0.7306575179100037,0.0,FP
93,8,9,0.08388018608093262,0.07086461037397385,0.6538938879966736,0.0,TN
94,8,10,0.0867185890674591,0.022614000365138054,0.08900033682584763,0.0,TN
95,8,11,0.07239276170730591,0.017869610339403152,0.14344844222068787,0.0,TN
96,8,12,0.09152765572071075,0.015593997202813625,0.08305211365222931,0.0,TN
97,8,14,0.08563397079706192,0.059413403272628784,0.3153386414051056,0.0,TN
98,8,15,0.07733747363090515,0.037191055715084076,0.15679317712783813,0.0,TN
99,8,23,0.06609123945236206,0.04781458154320717,0.10436918586492538,0.0,TN
100,9,0,0.0915713682770729,0.09067162871360779,0.08929888904094696,0.0,TN
101,9,1,0.08931799232959747,0.07137029618024826,0.529492974281311,1.0,FN
102,9,2,0.09031200408935547,0.05297066271305084,0.26982301473617554,0.0,TN
103,9,3,0.0924651026725769,0.09867414087057114,0.07946909964084625,0.0,TN
104,9,7,0.07484279572963715,0.07151611149311066,0.512403130531311,0.0,TN
105,9,8,0.08388018608093262,0.07086461037397385,0.6538938879966736,0.0,TN
106,9,10,0.0881577581167221,0.4614065885543823,0.766959547996521,1.0,TP
107,9,11,0.07381147146224976,0.08917631208896637,0.7513070106506348,1.0,TP
108,9,12,0.09263680130243301,0.021700866520404816,0.23735617101192474,0.0,TN
109,9,14,0.08859588950872421,0.0926116481423378,0.10385698825120926,0.0,TN
110,9,15,0.07938729226589203,0.06540767103433609,0.10221420228481293,0.0,TN
111,9,23,0.0670270025730133,0.05206601321697235,0.10128560662269592,0.0,TN
112,10,0,0.09456285089254379,0.04534756764769554,0.09245188534259796,0.0,TN
113,10,1,0.0907105803489685,0.026235166937112808,0.08636882901191711,0.0,TN
114,10,2,0.0924188420176506,0.04357384890317917,0.1817096471786499,0.0,TN
115,10,7,0.07699881494045258,0.03590485826134682,0.0754036232829094,0.0,TN
116,10,8,0.0867185890674591,0.022614000365138054,0.08900033682584763,0.0,TN
117,10,9,0.0881577581167221,0.4614065885543823,0.766959547996521,1.0,TP
118,10,11,0.076443150639534,0.11028913408517838,0.7461092472076416,0.0,FP
119,10,12,0.0949728786945343,0.018833674490451813,0.6340426802635193,1.0,FN
120,10,13,0.09129685163497925,0.05417480319738388,0.08918353170156479,0.0,TN
121,10,23,0.06975569576025009,0.03797319531440735,0.0985725075006485,0.0,TN
122,10,24,0.07593578100204468,0.06243245303630829,0.08582673221826553,0.0,TN
123,11,0,0.07974773645401001,0.0655880868434906,0.09670929610729218,0.0,TN
124,11,1,0.07735651731491089,0.011354709044098854,0.1121567040681839,0.0,TN
125,11,2,0.07771823555231094,0.035173505544662476,0.17868152260780334,0.0,TN
126,11,3,0.08066275715827942,0.046478912234306335,0.08257736265659332,0.0,TN
127,11,7,0.0637718066573143,0.04065944254398346,0.4934012293815613,0.0,TN
128,11,8,0.07239276170730591,0.017869610339403152,0.14344844222068787,0.0,TN
129,11,9,0.07381147146224976,0.08917631208896637,0.7513070106506348,1.0,TP
130,11,10,0.076443150639534,0.11028913408517838,0.7461092472076416,0.0,FP
131,11,12,0.08168945461511612,0.7843965291976929,0.8111824989318848,0.0,FP
132,11,13,0.07822363823652267,0.06539686024188995,0.751584529876709,0.0,FP
133,11,14,0.07669670134782791,0.031009886413812637,0.10777398943901062,0.0,TN
134,11,15,0.06869200617074966,0.0181751511991024,0.11413206160068512,0.0,TN
135,11,23,0.05664338916540146,0.021767543628811836,0.6274982690811157,0.0,TN
136,11,24,0.06396662443876266,0.019193153828382492,0.49419301748275757,0.0,TN
137,11,25,0.06488734483718872,0.02175741270184517,0.12994566559791565,0.0,TN
138,11,27,0.07273668050765991,0.017446322366595268,0.11483791470527649,0.0,TN
139,12,1,0.09524920582771301,0.016526740044355392,0.09392073005437851,0.0,TN
140,12,2,0.0974457710981369,0.040713224560022354,0.20990881323814392,0.0,TN
141,12,7,0.08166112005710602,0.026178913190960884,0.09029655903577805,0.0,TN
142,12,8,0.09152765572071075,0.015593997202813625,0.08305211365222931,0.0,TN
143,12,9,0.09263680130243301,0.021700866520404816,0.23735617101192474,0.0,TN
144,12,10,0.0949728786945343,0.018833674490451813,0.6340426802635193,1.0,FN
145,12,11,0.08168945461511612,0.7843965291976929,0.8111824989318848,0.0,FP
146,12,13,0.09609100222587585,0.033098004758358,0.10579097270965576,0.0,TN
147,12,23,0.07453867048025131,0.021323002874851227,0.0994790568947792,0.0,TN
148,12,24,0.08070910722017288,0.034815575927495956,0.12541015446186066,0.0,TN
149,13,7,0.07784219086170197,0.06464216858148575,0.09847783297300339,0.0,TN
150,13,10,0.09129685163497925,0.05417480319738388,0.08918353170156479,0.0,TN
151,13,11,0.07822363823652267,0.06539686024188995,0.751584529876709,0.0,FP
152,13,12,0.09609100222587585,0.033098004758358,0.10579097270965576,0.0,TN
153,13,15,0.08251640200614929,0.053495973348617554,0.0986403077840805,0.0,TN
154,13,23,0.07139845937490463,0.21690726280212402,0.7655539512634277,1.0,TP
155,13,24,0.07831110060214996,0.222391277551651,0.8111822605133057,1.0,TP
156,13,25,0.08006856590509415,0.08127155154943466,0.6999572515487671,0.0,TN
157,13,26,0.08775471150875092,0.05712268874049187,0.1266012191772461,0.0,TN
158,13,27,0.08942845463752747,0.02309972420334816,0.1191486269235611,0.0,TN
159,13,37,0.08446718752384186,0.1549721509218216,0.11415974795818329,0.0,TN
160,14,0,0.09357503056526184,0.09382994472980499,0.08973819017410278,0.0,TN
161,14,1,0.09085549414157867,0.06338968127965927,0.10573139041662216,0.0,TN
162,14,2,0.09188243001699448,0.17890551686286926,0.1050671711564064,0.0,TN
163,14,3,0.09570518136024475,0.03199062496423721,0.26205089688301086,0.0,TN
164,14,7,0.07792380452156067,0.04724865406751633,0.4399428963661194,1.0,FN
165,14,8,0.08563397079706192,0.059413403272628784,0.3153386414051056,0.0,TN
166,14,9,0.08859588950872421,0.0926116481423378,0.10385698825120926,0.0,TN
167,14,11,0.07669670134782791,0.031009886413812637,0.10777398943901062,0.0,TN
168,14,15,0.08311077207326889,0.12739980220794678,0.6476674675941467,0.0,TN
169,14,16,0.09555955976247787,0.041385382413864136,0.7239028811454773,1.0,TP
170,14,23,0.070279061794281,0.05672434717416763,0.10103583335876465,0.0,TN
171,15,0,0.08490543067455292,0.06819915771484375,0.09285566210746765,0.0,TN
172,15,1,0.08225801587104797,0.040156442672014236,0.08730879426002502,0.0,TN
173,15,2,0.08314408361911774,0.11417709290981293,0.12122230976819992,0.0,TN
174,15,3,0.08759784698486328,0.023753605782985687,0.13803568482398987,0.0,TN
175,15,7,0.06985391676425934,0.08871997892856598,0.5551693439483643,1.0,FN
176,15,8,0.07733747363090515,0.037191055715084076,0.15679317712783813,0.0,TN
177,15,9,0.07938729226589203,0.06540767103433609,0.10221420228481293,0.0,TN
178,15,11,0.06869200617074966,0.0181751511991024,0.11413206160068512,0.0,TN
179,15,13,0.08251640200614929,0.053495973348617554,0.0986403077840805,0.0,TN
180,15,14,0.08311077207326889,0.12739980220794678,0.6476674675941467,0.0,TN
181,15,16,0.08714435994625092,0.10015100985765457,0.7361913919448853,0.0,FP
182,15,23,0.06335633993148804,0.020378705114126205,0.25565263628959656,0.0,TN
183,15,26,0.07857755571603775,0.024946846067905426,0.09924814105033875,0.0,TN
184,16,3,0.0997098833322525,0.044231779873371124,0.1720970869064331,0.0,TN
185,16,7,0.08153818547725677,0.12578177452087402,0.07728525996208191,0.0,TN
186,16,14,0.09555955976247787,0.041385382413864136,0.7239028811454773,1.0,TP
187,16,15,0.08714435994625092,0.10015100985765457,0.7361913919448853,0.0,FP
188,16,23,0.0746833086013794,0.10492460429668427,0.0788629800081253,0.0,TN
189,16,28,0.09423063695430756,0.183661550283432,0.10673670470714569,0.0,TN
190,16,29,0.09081833064556122,0.05777961015701294,0.09494978189468384,0.0,TN
191,16,46,0.08758477866649628,0.07387842237949371,0.09782460331916809,0.0,TN
192,16,47,0.08534303307533264,0.05077376961708069,0.09388711303472519,0.0,TN
193,16,49,0.08192776143550873,0.10485966503620148,0.10531947761774063,0.0,TN
194,17,4,0.09934061765670776,0.06884373724460602,0.09112245589494705,0.0,TN
195,17,5,0.10051439702510834,0.0389094278216362,0.08530601859092712,0.0,TN
196,17,6,0.10141148418188095,0.0941266119480133,0.4137926399707794,0.0,TN
197,17,18,0.09989441931247711,0.07953469455242157,0.6812007427215576,0.0,TN
198,17,19,0.08930625766515732,0.17720195651054382,0.7920523881912231,0.0,FP
199,17,20,0.08696084469556808,0.02240125462412834,0.24372544884681702,0.0,TN
200,17,21,0.09185364842414856,0.022876976057887077,0.08568978309631348,0.0,TN
201,17,22,0.08222828805446625,0.04434959962964058,0.21031920611858368,0.0,TN
202,17,30,0.081896111369133,0.060114044696092606,0.08542218804359436,0.0,TN
203,17,32,0.09427390992641449,0.15979792177677155,0.0904538705945015,0.0,TN
204,18,4,0.09998039901256561,0.028285980224609375,0.09150098264217377,0.0,TN
205,18,5,0.09971978515386581,0.027878452092409134,0.06663155555725098,0.0,TN
206,18,6,0.1009465903043747,0.21890714764595032,0.5990664958953857,0.0,TN
207,18,17,0.09989441931247711,0.07953469455242157,0.6812007427215576,0.0,TN
208,18,19,0.08910085260868073,0.04493691399693489,0.47109800577163696,0.0,TN
209,18,20,0.08588850498199463,0.023459307849407196,0.11945711076259613,0.0,TN
210,18,21,0.09203998744487762,0.1949276477098465,0.608447790145874,0.0,TN
211,18,22,0.08321668207645416,0.015839330852031708,0.10004524886608124,0.0,TN
212,18,30,0.08184689283370972,0.047386184334754944,0.08100958168506622,0.0,TN
213,18,31,0.08541757613420486,0.08676307648420334,0.08000144362449646,0.0,TN
214,19,4,0.08842335641384125,0.05956067889928818,0.0929320752620697,0.0,TN
215,19,5,0.08920688927173615,0.03616555780172348,0.07611741125583649,0.0,TN
216,19,6,0.08989572525024414,0.03093538247048855,0.08491675555706024,0.0,TN
217,19,17,0.08930625766515732,0.17720195651054382,0.7920523881912231,0.0,FP
218,19,18,0.08910085260868073,0.04493691399693489,0.47109800577163696,0.0,TN
219,19,20,0.07600916922092438,0.07954664528369904,0.6696438789367676,0.0,TN
220,19,21,0.08050787448883057,0.0431530736386776,0.6527912616729736,0.0,TN
221,19,22,0.07156066596508026,0.06511478126049042,0.7460958361625671,0.0,FP
222,19,30,0.07112645357847214,0.047041427344083786,0.0851091668009758,0.0,TN
223,19,31,0.07488945126533508,0.06286169588565826,0.08300763368606567,0.0,TN
224,19,33,0.08797817677259445,0.15546154975891113,0.09550043940544128,0.0,TN
225,19,34,0.08687576651573181,0.15231816470623016,0.09871288388967514,0.0,TN
226,19,35,0.08676725625991821,0.1071246862411499,0.09163376688957214,0.0,TN
227,20,4,0.08555155992507935,0.04909374937415123,0.09747456014156342,0.0,TN
228,20,5,0.08587998151779175,0.03675690293312073,0.06915425509214401,0.0,TN
229,20,6,0.08606849610805511,0.04490493983030319,0.15435729920864105,0.0,TN
230,20,17,0.08696084469556808,0.02240125462412834,0.24372544884681702,0.0,TN
231,20,18,0.08588850498199463,0.023459307849407196,0.11945711076259613,0.0,TN
232,20,19,0.07600916922092438,0.07954664528369904,0.6696438789367676,0.0,TN
233,20,21,0.0774335116147995,0.17331314086914062,0.7584444284439087,0.0,FP
234,20,22,0.06951465457677841,0.15120279788970947,0.6456508636474609,0.0,TN
235,20,30,0.06825032830238342,0.04179185628890991,0.07733279466629028,0.0,TN
236,20,31,0.07144591957330704,0.0691995769739151,0.08794284611940384,0.0,TN
237,20,32,0.0805850476026535,0.07305203378200531,0.08872553706169128,0.0,TN
238,20,33,0.08589386940002441,0.07722233235836029,0.0850338339805603,0.0,TN
239,20,34,0.0847746729850769,0.0780622661113739,0.08538031578063965,0.0,TN
240,20,35,0.0846862643957138,0.05506915599107742,0.08370243012905121,0.0,TN
241,21,4,0.09146347641944885,0.03006676584482193,0.09052562713623047,0.0,TN
242,21,5,0.09120646119117737,0.03060845285654068,0.0671253502368927,0.0,TN
243,21,6,0.0919051319360733,0.03213845565915108,0.11024539172649384,0.0,TN
244,21,17,0.09185364842414856,0.022876976057887077,0.08568978309631348,0.0,TN
245,21,18,0.09203998744487762,0.1949276477098465,0.608447790145874,0.0,TN
246,21,19,0.08050787448883057,0.0431530736386776,0.6527912616729736,0.0,TN
247,21,20,0.0774335116147995,0.17331314086914062,0.7584444284439087,0.0,FP
248,21,22,0.07483844459056854,0.04354631528258324,0.5944356918334961,0.0,TN
249,21,30,0.07368543744087219,0.039090435951948166,0.07657988369464874,0.0,TN
250,21,31,0.07734216749668121,0.06879834830760956,0.09160898625850677,0.0,TN
251,21,33,0.09062120318412781,0.09851697087287903,0.08086422085762024,0.0,TN
252,21,34,0.08983872085809708,0.07195079326629639,0.08046965301036835,0.0,TN
253,22,4,0.08259198069572449,0.04727710038423538,0.07953814417123795,0.0,TN
254,22,5,0.08286995440721512,0.034539446234703064,0.0910208597779274,0.0,TN
255,22,6,0.0836019515991211,0.030527301132678986,0.10431992262601852,0.0,TN
256,22,17,0.08222828805446625,0.04434959962964058,0.21031920611858368,0.0,TN
257,22,18,0.08321668207645416,0.015839330852031708,0.10004524886608124,0.0,TN
258,22,19,0.07156066596508026,0.06511478126049042,0.7460958361625671,0.0,FP
259,22,20,0.06951465457677841,0.15120279788970947,0.6456508636474609,0.0,TN
260,22,21,0.07483844459056854,0.04354631528258324,0.5944356918334961,0.0,TN
261,22,30,0.06662853062152863,0.056715644896030426,0.7136882543563843,0.0,FP
262,22,31,0.06934469193220139,0.028832802549004555,0.13022536039352417,0.0,TN
263,22,32,0.0785776823759079,0.03299175947904587,0.11049650609493256,0.0,TN
264,22,33,0.08255987614393234,0.05539840832352638,0.1410728543996811,0.0,TN
265,22,34,0.08176105469465256,0.05080154538154602,0.15176516771316528,0.0,TN
266,22,35,0.08159694075584412,0.039921943098306656,0.08954508602619171,0.0,TN
267,22,36,0.08293850719928741,0.14269870519638062,0.10204632580280304,0.0,TN
268,23,7,0.05681532248854637,0.07427512109279633,0.5413482189178467,0.0,TN
269,23,8,0.06609123945236206,0.04781458154320717,0.10436918586492538,0.0,TN
270,23,9,0.0670270025730133,0.05206601321697235,0.10128560662269592,0.0,TN
271,23,10,0.06975569576025009,0.03797319531440735,0.0985725075006485,0.0,TN
272,23,11,0.05664338916540146,0.021767543628811836,0.6274982690811157,0.0,TN
273,23,12,0.07453867048025131,0.021323002874851227,0.0994790568947792,0.0,TN
274,23,13,0.07139845937490463,0.21690726280212402,0.7655539512634277,1.0,TP
275,23,14,0.070279061794281,0.05672434717416763,0.10103583335876465,0.0,TN
276,23,15,0.06335633993148804,0.020378705114126205,0.25565263628959656,0.0,TN
277,23,16,0.0746833086013794,0.10492460429668427,0.0788629800081253,0.0,TN
278,23,24,0.057561662048101425,0.04329778626561165,0.46025943756103516,0.0,TN
279,23,25,0.05888538062572479,0.09127185493707657,0.44984057545661926,0.0,TN
280,23,26,0.06675463914871216,0.19434890151023865,0.7476519346237183,0.0,FP
281,23,27,0.06781353056430817,0.5745416879653931,0.7700953483581543,1.0,TP
282,23,37,0.06419967114925385,0.038843315094709396,0.16204264760017395,0.0,TN
283,23,38,0.07490979135036469,0.1124911829829216,0.094326913356781,0.0,TN
284,23,39,0.07466062903404236,0.09156471490859985,0.09752336889505386,0.0,TN
285,23,40,0.0604017898440361,0.08453132212162018,0.11495556682348251,0.0,TN
286,23,41,0.055438097566366196,0.06270617991685867,0.10876427590847015,0.0,TN
287,23,64,0.07368633151054382,0.17676256597042084,0.08561726659536362,0.0,TN
288,24,7,0.0638023391366005,0.07214698195457458,0.08613154292106628,0.0,TN
289,24,10,0.07593578100204468,0.06243245303630829,0.08582673221826553,0.0,TN
290,24,11,0.06396662443876266,0.019193153828382492,0.49419301748275757,0.0,TN
291,24,12,0.08070910722017288,0.034815575927495956,0.12541015446186066,0.0,TN
292,24,13,0.07831110060214996,0.222391277551651,0.8111822605133057,1.0,TP
293,24,23,0.057561662048101425,0.04329778626561165,0.46025943756103516,0.0,TN
294,24,25,0.06623508036136627,0.066356360912323,0.7145177721977234,0.0,FP
295,24,26,0.07344187796115875,0.028996631503105164,0.0853433907032013,0.0,TN
296,24,27,0.07453884184360504,0.006703144870698452,0.17683719098567963,0.0,TN
297,24,37,0.07136407494544983,0.08303540199995041,0.8479324579238892,1.0,TP
298,24,38,0.08193536102771759,0.05996488034725189,0.08696746826171875,0.0,TN
299,24,39,0.08139440417289734,0.0433698445558548,0.15804648399353027,0.0,TN
300,24,40,0.06741975992918015,0.042107369750738144,0.1094866618514061,0.0,TN
301,24,41,0.06213286519050598,0.06565412133932114,0.10095055401325226,0.0,TN
302,24,64,0.07989812642335892,0.10323229432106018,0.09412480145692825,0.0,TN
303,25,11,0.06488734483718872,0.02175741270184517,0.12994566559791565,0.0,TN
304,25,13,0.08006856590509415,0.08127155154943466,0.6999572515487671,0.0,TN
305,25,23,0.05888538062572479,0.09127185493707657,0.44984057545661926,0.0,TN
306,25,24,0.06623508036136627,0.066356360912323,0.7145177721977234,0.0,FP
307,25,26,0.07532119750976562,0.04868666082620621,0.6499350070953369,0.0,TN
308,25,27,0.0768415778875351,0.0457611083984375,0.6771888136863708,0.0,TN
309,25,37,0.07278884947299957,0.0786655992269516,0.5958351492881775,0.0,TN
310,25,38,0.0841517224907875,0.08327081799507141,0.08501695096492767,0.0,TN
311,25,39,0.08401405811309814,0.06312242150306702,0.11179078370332718,0.0,TN
312,25,40,0.0696277767419815,0.029947755858302116,0.6464185118675232,1.0,FN
313,25,41,0.06419097632169724,0.06660635769367218,0.8020092248916626,1.0,TP
314,25,42,0.08283768594264984,0.11829483509063721,0.2078680545091629,0.0,TN
315,25,44,0.08363001048564911,0.12062463909387589,0.1590503305196762,0.0,TN
316,25,45,0.07582414150238037,0.053548648953437805,0.09411943703889847,0.0,TN
317,25,64,0.08235584199428558,0.1412927508354187,0.09372072666883469,0.0,TN
318,26,7,0.07246176898479462,0.13710711896419525,0.0986676886677742,0.0,TN
319,26,13,0.08775471150875092,0.05712268874049187,0.1266012191772461,0.0,TN
320,26,15,0.07857755571603775,0.024946846067905426,0.09924814105033875,0.0,TN
321,26,23,0.06675463914871216,0.19434890151023865,0.7476519346237183,0.0,FP
322,26,24,0.07344187796115875,0.028996631503105164,0.0853433907032013,0.0,TN
323,26,25,0.07532119750976562,0.04868666082620621,0.6499350070953369,0.0,TN
324,26,27,0.08450199663639069,0.012090351432561874,0.18449801206588745,0.0,TN
325,26,37,0.08068865537643433,0.05760371685028076,0.0962364673614502,0.0,TN
326,26,38,0.09121939539909363,0.14330942928791046,0.0956839770078659,0.0,TN
327,26,39,0.09115941822528839,0.08750275522470474,0.09403824806213379,0.0,TN
328,26,40,0.07725006341934204,0.05469532310962677,0.41054457426071167,0.0,TN
329,26,41,0.07270923256874084,0.027631742879748344,0.14794868230819702,0.0,TN
330,27,11,0.07273668050765991,0.017446322366595268,0.11483791470527649,0.0,TN
331,27,13,0.08942845463752747,0.02309972420334816,0.1191486269235611,0.0,TN
332,27,23,0.06781353056430817,0.5745416879653931,0.7700953483581543,1.0,TP
333,27,24,0.07453884184360504,0.006703144870698452,0.17683719098567963,0.0,TN
334,27,25,0.0768415778875351,0.0457611083984375,0.6771888136863708,0.0,TN
335,27,26,0.08450199663639069,0.012090351432561874,0.18449801206588745,0.0,TN
336,27,37,0.08170686662197113,0.021517032757401466,0.2579669654369354,0.0,TN
337,27,38,0.09268490970134735,0.07644028216600418,0.10938053578138351,0.0,TN
338,27,39,0.09188133478164673,0.05072470009326935,0.13878950476646423,0.0,TN
339,27,40,0.0780610665678978,0.028747722506523132,0.09959598630666733,0.0,TN
340,27,41,0.07265642285346985,0.026845239102840424,0.09894322603940964,0.0,TN
341,27,64,0.09078975021839142,0.09392272680997849,0.10377954691648483,0.0,TN
342,28,16,0.09423063695430756,0.183661550283432,0.10673670470714569,0.0,TN
343,28,29,0.08786486834287643,0.04922325164079666,0.08458255231380463,0.0,TN
344,28,46,0.0842689573764801,0.0854015126824379,0.09661215543746948,0.0,TN
345,28,47,0.08236672729253769,0.03322364017367363,0.3496444523334503,0.0,TN
346,28,48,0.08708350360393524,0.06185517460107803,0.1771048605442047,0.0,TN
347,28,49,0.07927138358354568,0.043359026312828064,0.5232142210006714,0.0,TN
348,28,51,0.07900308817625046,0.0601843036711216,0.08940714597702026,0.0,TN
349,28,52,0.0876120924949646,0.09335367381572723,0.08487814664840698,0.0,TN
350,28,53,0.08320093154907227,0.05824476480484009,0.12129606306552887,0.0,TN
351,28,54,0.07564198970794678,0.11661633104085922,0.07385489344596863,0.0,TN
352,28,57,0.07287262380123138,0.10784181952476501,0.09671632200479507,0.0,TN
353,29,16,0.09081833064556122,0.05777961015701294,0.09494978189468384,0.0,TN
354,29,28,0.08786486834287643,0.04922325164079666,0.08458255231380463,0.0,TN
355,29,43,0.0869416892528534,0.09081101417541504,0.13201723992824554,0.0,TN
356,29,44,0.09121087193489075,0.1421113908290863,0.1203567236661911,0.0,TN
357,29,46,0.08055348694324493,0.05680427700281143,0.7868121862411499,1.0,TP
358,29,47,0.07792282104492188,0.36745911836624146,0.7759758830070496,0.0,FP
359,29,48,0.08335112035274506,0.02878275141119957,0.2585543990135193,0.0,TN
360,29,49,0.07547201216220856,0.015675809234380722,0.3475099802017212,0.0,TN
361,29,50,0.08642920851707458,0.04706490412354469,0.37664148211479187,0.0,TN
362,29,51,0.07549740374088287,0.01783006265759468,0.2557491362094879,0.0,TN
363,29,54,0.07193132489919662,0.031530074775218964,0.06959591060876846,0.0,TN
364,29,57,0.06932839751243591,0.02712780237197876,0.09193232655525208,0.0,TN
365,30,4,0.08191885054111481,0.07814469933509827,0.08709649741649628,0.0,TN
366,30,5,0.0814196988940239,0.08814352750778198,0.07773026823997498,0.0,TN
367,30,6,0.08220690488815308,0.0819268450140953,0.08074463903903961,0.0,TN
368,30,17,0.081896111369133,0.060114044696092606,0.08542218804359436,0.0,TN
369,30,18,0.08184689283370972,0.047386184334754944,0.08100958168506622,0.0,TN
370,30,19,0.07112645357847214,0.047041427344083786,0.0851091668009758,0.0,TN
371,30,20,0.06825032830238342,0.04179185628890991,0.07733279466629028,0.0,TN
372,30,21,0.07368543744087219,0.039090435951948166,0.07657988369464874,0.0,TN
373,30,22,0.06662853062152863,0.056715644896030426,0.7136882543563843,0.0,FP
374,30,31,0.06972979009151459,0.10453040152788162,0.6883769035339355,0.0,TN
375,30,32,0.07914648950099945,0.028931718319654465,0.5582072138786316,0.0,TN
376,30,33,0.08354063332080841,0.06018795073032379,0.5570361018180847,0.0,TN
377,30,34,0.08284005522727966,0.016110431402921677,0.08726298809051514,0.0,TN
378,30,35,0.0827028676867485,0.011995408684015274,0.06755407154560089,0.0,TN
379,30,36,0.0839536190032959,0.06491550803184509,0.08534283190965652,0.0,TN
380,31,4,0.08480332046747208,0.16606272757053375,0.08820296823978424,0.0,TN
381,31,5,0.08498666435480118,0.12190330028533936,0.07908037304878235,0.0,TN
382,31,6,0.0852537751197815,0.1280471533536911,0.08292002975940704,0.0,TN
383,31,18,0.08541757613420486,0.08676307648420334,0.08000144362449646,0.0,TN
384,31,19,0.07488945126533508,0.06286169588565826,0.08300763368606567,0.0,TN
385,31,20,0.07144591957330704,0.0691995769739151,0.08794284611940384,0.0,TN
386,31,21,0.07734216749668121,0.06879834830760956,0.09160898625850677,0.0,TN
387,31,22,0.06934469193220139,0.028832802549004555,0.13022536039352417,0.0,TN
388,31,30,0.06972979009151459,0.10453040152788162,0.6883769035339355,0.0,TN
389,31,32,0.08271268755197525,0.4367123246192932,0.7175345420837402,0.0,FP
390,31,33,0.08735789358615875,0.02412104606628418,0.09566588699817657,0.0,TN
391,31,34,0.08653507381677628,0.025234468281269073,0.06545867025852203,0.0,TN
392,31,35,0.08670267462730408,0.013669773004949093,0.0629933774471283,0.0,TN
393,31,36,0.08781985938549042,0.07146849483251572,0.10410615801811218,0.0,TN
394,32,17,0.09427390992641449,0.15979792177677155,0.0904538705945015,0.0,TN
395,32,20,0.0805850476026535,0.07305203378200531,0.08872553706169128,0.0,TN
396,32,22,0.0785776823759079,0.03299175947904587,0.11049650609493256,0.0,TN
397,32,30,0.07914648950099945,0.028931718319654465,0.5582072138786316,0.0,TN
398,32,31,0.08271268755197525,0.4367123246192932,0.7175345420837402,0.0,FP
399,32,33,0.09738458693027496,0.30558159947395325,0.6368722915649414,0.0,TN
400,32,34,0.09617482125759125,0.10225746035575867,0.5966259837150574,0.0,TN
401,32,35,0.09593833982944489,0.45923638343811035,0.7215923070907593,0.0,FP
402,32,36,0.09725232422351837,0.2088068127632141,0.728335976600647,0.0,FP
403,32,62,0.0961681604385376,0.06084470823407173,0.088453009724617,0.0,TN
404,32,63,0.09586024284362793,0.08382652699947357,0.09045274555683136,0.0,TN
405,33,19,0.08797817677259445,0.15546154975891113,0.09550043940544128,0.0,TN
406,33,20,0.08589386940002441,0.07722233235836029,0.0850338339805603,0.0,TN
407,33,21,0.09062120318412781,0.09851697087287903,0.08086422085762024,0.0,TN
408,33,22,0.08255987614393234,0.05539840832352638,0.1410728543996811,0.0,TN
409,33,30,0.08354063332080841,0.06018795073032379,0.5570361018180847,0.0,TN
410,33,31,0.08735789358615875,0.02412104606628418,0.09566588699817657,0.0,TN
411,33,32,0.09738458693027496,0.30558159947395325,0.6368722915649414,0.0,TN
412,33,34,0.10083052515983582,0.05859188735485077,0.5922240018844604,0.0,TN
413,33,35,0.0999576598405838,0.029414158314466476,0.15271273255348206,0.0,TN
414,33,36,0.10190965980291367,0.10974548757076263,0.09883899986743927,0.0,TN
415,34,19,0.08687576651573181,0.15231816470623016,0.09871288388967514,0.0,TN
416,34,20,0.0847746729850769,0.0780622661113739,0.08538031578063965,0.0,TN
417,34,21,0.08983872085809708,0.07195079326629639,0.08046965301036835,0.0,TN
418,34,22,0.08176105469465256,0.05080154538154602,0.15176516771316528,0.0,TN
419,34,30,0.08284005522727966,0.016110431402921677,0.08726298809051514,0.0,TN
420,34,31,0.08653507381677628,0.025234468281269073,0.06545867025852203,0.0,TN
421,34,32,0.09617482125759125,0.10225746035575867,0.5966259837150574,0.0,TN
422,34,33,0.10083052515983582,0.05859188735485077,0.5922240018844604,0.0,TN
423,34,35,0.09955732524394989,0.02517170086503029,0.6006995439529419,0.0,TN
424,34,36,0.10054762661457062,0.1126554012298584,0.11785534769296646,0.0,TN
425,35,19,0.08676725625991821,0.1071246862411499,0.09163376688957214,0.0,TN
426,35,20,0.0846862643957138,0.05506915599107742,0.08370243012905121,0.0,TN
427,35,22,0.08159694075584412,0.039921943098306656,0.08954508602619171,0.0,TN
428,35,30,0.0827028676867485,0.011995408684015274,0.06755407154560089,0.0,TN
429,35,31,0.08670267462730408,0.013669773004949093,0.0629933774471283,0.0,TN
430,35,32,0.09593833982944489,0.45923638343811035,0.7215923070907593,0.0,FP
431,35,33,0.0999576598405838,0.029414158314466476,0.15271273255348206,0.0,TN
432,35,34,0.09955732524394989,0.02517170086503029,0.6006995439529419,0.0,TN
433,35,36,0.10098987817764282,0.04839729145169258,0.15001001954078674,0.0,TN
434,35,57,0.0765480250120163,0.036027126014232635,0.08358651399612427,0.0,TN
435,36,22,0.08293850719928741,0.14269870519638062,0.10204632580280304,0.0,TN
436,36,30,0.0839536190032959,0.06491550803184509,0.08534283190965652,0.0,TN
437,36,31,0.08781985938549042,0.07146849483251572,0.10410615801811218,0.0,TN
438,36,32,0.09725232422351837,0.2088068127632141,0.728335976600647,0.0,FP
439,36,33,0.10190965980291367,0.10974548757076263,0.09883899986743927,0.0,TN
440,36,34,0.10054762661457062,0.1126554012298584,0.11785534769296646,0.0,TN
441,36,35,0.10098987817764282,0.04839729145169258,0.15001001954078674,0.0,TN
442,36,57,0.07793473452329636,0.09406564384698868,0.08056993782520294,0.0,TN
443,36,62,0.10182595252990723,0.11169030517339706,0.09597671777009964,0.0,TN
444,36,63,0.10141727328300476,0.1393257975578308,0.09174726158380508,0.0,TN
445,37,13,0.08446718752384186,0.1549721509218216,0.11415974795818329,0.0,TN
446,37,23,0.06419967114925385,0.038843315094709396,0.16204264760017395,0.0,TN
447,37,24,0.07136407494544983,0.08303540199995041,0.8479324579238892,1.0,TP
448,37,25,0.07278884947299957,0.0786655992269516,0.5958351492881775,0.0,TN
449,37,26,0.08068865537643433,0.05760371685028076,0.0962364673614502,0.0,TN
450,37,27,0.08170686662197113,0.021517032757401466,0.2579669654369354,0.0,TN
451,37,38,0.09011878073215485,0.06559576839208603,0.07787563651800156,0.0,TN
452,37,39,0.08997181057929993,0.041956186294555664,0.1487116664648056,0.0,TN
453,37,40,0.07467780262231827,0.06050756946206093,0.2750098705291748,0.0,TN
454,37,41,0.06888245046138763,0.06823732703924179,0.13631214201450348,0.0,TN
455,37,42,0.08754053711891174,0.2210056036710739,0.10875759273767471,0.0,TN
456,37,45,0.08069413900375366,0.09245074540376663,0.10208477824926376,0.0,TN
457,37,64,0.08806077390909195,0.10996182262897491,0.09617957472801208,0.0,TN
458,38,23,0.07490979135036469,0.1124911829829216,0.094326913356781,0.0,TN
459,38,24,0.08193536102771759,0.05996488034725189,0.08696746826171875,0.0,TN
460,38,25,0.0841517224907875,0.08327081799507141,0.08501695096492767,0.0,TN
461,38,26,0.09121939539909363,0.14330942928791046,0.0956839770078659,0.0,TN
462,38,27,0.09268490970134735,0.07644028216600418,0.10938053578138351,0.0,TN
463,38,37,0.09011878073215485,0.06559576839208603,0.07787563651800156,0.0,TN
464,38,39,0.10203715413808823,0.20186616480350494,0.8311967849731445,0.0,FP
465,38,40,0.08601709455251694,0.10422805696725845,0.09616532921791077,0.0,TN
466,38,45,0.09274214506149292,0.1276085078716278,0.09834487736225128,0.0,TN
467,38,64,0.10051913559436798,0.05575142055749893,0.1664930284023285,0.0,TN
468,39,23,0.07466062903404236,0.09156471490859985,0.09752336889505386,0.0,TN
469,39,24,0.08139440417289734,0.0433698445558548,0.15804648399353027,0.0,TN
470,39,25,0.08401405811309814,0.06312242150306702,0.11179078370332718,0.0,TN
471,39,26,0.09115941822528839,0.08750275522470474,0.09403824806213379,0.0,TN
472,39,27,0.09188133478164673,0.05072470009326935,0.13878950476646423,0.0,TN
473,39,37,0.08997181057929993,0.041956186294555664,0.1487116664648056,0.0,TN
474,39,38,0.10203715413808823,0.20186616480350494,0.8311967849731445,0.0,FP
475,39,40,0.08559857308864594,0.043203700333833694,0.1024450808763504,0.0,TN
476,39,41,0.08052930235862732,0.043986041098833084,0.08745844662189484,0.0,TN
477,39,64,0.1001804769039154,0.026760997250676155,0.6538207530975342,0.0,TN
478,40,23,0.0604017898440361,0.08453132212162018,0.11495556682348251,0.0,TN
479,40,24,0.06741975992918015,0.042107369750738144,0.1094866618514061,0.0,TN
480,40,25,0.0696277767419815,0.029947755858302116,0.6464185118675232,1.0,FN
481,40,26,0.07725006341934204,0.05469532310962677,0.41054457426071167,0.0,TN
482,40,27,0.0780610665678978,0.028747722506523132,0.09959598630666733,0.0,TN
483,40,37,0.07467780262231827,0.06050756946206093,0.2750098705291748,0.0,TN
484,40,38,0.08601709455251694,0.10422805696725845,0.09616532921791077,0.0,TN
485,40,39,0.08559857308864594,0.043203700333833694,0.1024450808763504,0.0,TN
486,40,41,0.06692901253700256,0.017418187111616135,0.4587380290031433,0.0,TN
487,40,42,0.08624955266714096,0.02892235852777958,0.16330507397651672,0.0,TN
488,40,43,0.08153136074542999,0.04462825134396553,0.14130344986915588,0.0,TN
489,40,44,0.08599205315113068,0.04716780036687851,0.17785793542861938,0.0,TN
490,40,45,0.07867252826690674,0.02097681723535061,0.29985207319259644,0.0,TN
491,40,64,0.08493576943874359,0.11274918913841248,0.10394253581762314,0.0,TN
492,41,23,0.055438097566366196,0.06270617991685867,0.10876427590847015,0.0,TN
493,41,24,0.06213286519050598,0.06565412133932114,0.10095055401325226,0.0,TN
494,41,25,0.06419097632169724,0.06660635769367218,0.8020092248916626,1.0,TP
495,41,26,0.07270923256874084,0.027631742879748344,0.14794868230819702,0.0,TN
496,41,27,0.07265642285346985,0.026845239102840424,0.09894322603940964,0.0,TN
497,41,37,0.06888245046138763,0.06823732703924179,0.13631214201450348,0.0,TN
498,41,39,0.08052930235862732,0.043986041098833084,0.08745844662189484,0.0,TN
499,41,40,0.06692901253700256,0.017418187111616135,0.4587380290031433,0.0,TN
500,41,42,0.08002179861068726,0.17148444056510925,0.7973377108573914,1.0,TP
501,41,43,0.07586406171321869,0.12102416157722473,0.8200961351394653,1.0,TP
502,41,44,0.08104020357131958,0.025961531326174736,0.26103758811950684,0.0,TN
503,41,45,0.07242944836616516,0.03144767880439758,0.11534100025892258,0.0,TN
504,41,46,0.06885731965303421,0.04652160033583641,0.11498396843671799,0.0,TN
505,41,47,0.0664951279759407,0.034546710550785065,0.37643107771873474,0.0,TN
506,41,50,0.07550421357154846,0.06115183234214783,0.11369717121124268,0.0,TN
507,41,64,0.07936763018369675,0.0822153091430664,0.08530721068382263,0.0,TN
508,42,25,0.08283768594264984,0.11829483509063721,0.2078680545091629,0.0,TN
509,42,37,0.08754053711891174,0.2210056036710739,0.10875759273767471,0.0,TN
510,42,40,0.08624955266714096,0.02892235852777958,0.16330507397651672,0.0,TN
511,42,41,0.08002179861068726,0.17148444056510925,0.7973377108573914,1.0,TP
512,42,43,0.09623681753873825,0.04370918124914169,0.7479287385940552,0.0,FP
513,42,44,0.10201352089643478,0.04692986607551575,0.7801066637039185,1.0,TP
514,42,45,0.09272032231092453,0.038131020963191986,0.20206774771213531,0.0,TN
515,42,46,0.08826187252998352,0.06681401282548904,0.2328851819038391,0.0,TN
516,42,47,0.08563306927680969,0.03663995489478111,0.2216227948665619,0.0,TN
517,42,50,0.09522262215614319,0.06649982929229736,0.27850401401519775,0.0,TN
518,43,29,0.0869416892528534,0.09081101417541504,0.13201723992824554,0.0,TN
519,43,40,0.08153136074542999,0.04462825134396553,0.14130344986915588,0.0,TN
520,43,41,0.07586406171321869,0.12102416157722473,0.8200961351394653,1.0,TP
521,43,42,0.09623681753873825,0.04370918124914169,0.7479287385940552,0.0,FP
522,43,44,0.09748521447181702,0.04904249683022499,0.6086130142211914,0.0,TN
523,43,45,0.08799266815185547,0.05831336975097656,0.11207340657711029,0.0,TN
524,43,46,0.0842733383178711,0.0652129054069519,0.3357137441635132,0.0,TN
525,43,47,0.08158500492572784,0.09554209560155869,0.826266348361969,1.0,TP
526,43,48,0.08652566373348236,0.09410177171230316,0.14861416816711426,0.0,TN
527,43,49,0.07838548719882965,0.062065333127975464,0.1355760097503662,0.0,TN
528,43,50,0.09133097529411316,0.14018163084983826,0.7951106429100037,0.0,FP
529,44,25,0.08363001048564911,0.12062463909387589,0.1590503305196762,0.0,TN
530,44,29,0.09121087193489075,0.1421113908290863,0.1203567236661911,0.0,TN
531,44,40,0.08599205315113068,0.04716780036687851,0.17785793542861938,0.0,TN
532,44,41,0.08104020357131958,0.025961531326174736,0.26103758811950684,0.0,TN
533,44,42,0.10201352089643478,0.04692986607551575,0.7801066637039185,1.0,TP
534,44,43,0.09748521447181702,0.04904249683022499,0.6086130142211914,0.0,TN
535,44,45,0.09289376437664032,0.05421317368745804,0.3354561924934387,0.0,TN
536,44,46,0.08835328370332718,0.08200140297412872,0.17690320312976837,0.0,TN
537,44,47,0.08601947873830795,0.042521145194768906,0.17928916215896606,0.0,TN
538,44,50,0.09570571035146713,0.0866323858499527,0.37393590807914734,0.0,TN
539,45,25,0.07582414150238037,0.053548648953437805,0.09411943703889847,0.0,TN
540,45,37,0.08069413900375366,0.09245074540376663,0.10208477824926376,0.0,TN
541,45,38,0.09274214506149292,0.1276085078716278,0.09834487736225128,0.0,TN
542,45,40,0.07867252826690674,0.02097681723535061,0.29985207319259644,0.0,TN
543,45,41,0.07242944836616516,0.03144767880439758,0.11534100025892258,0.0,TN
544,45,42,0.09272032231092453,0.038131020963191986,0.20206774771213531,0.0,TN
545,45,43,0.08799266815185547,0.05831336975097656,0.11207340657711029,0.0,TN
546,45,44,0.09289376437664032,0.05421317368745804,0.3354561924934387,0.0,TN
547,45,46,0.0798492282629013,0.08190296590328217,0.14098374545574188,0.0,TN
548,45,47,0.0771951824426651,0.0655921995639801,0.15712350606918335,0.0,TN
549,45,50,0.0868804007768631,0.08449633419513702,0.1802257001399994,0.0,TN
550,45,64,0.09196062386035919,0.08095592260360718,0.11279928684234619,0.0,TN
551,46,16,0.08758477866649628,0.07387842237949371,0.09782460331916809,0.0,TN
552,46,28,0.0842689573764801,0.0854015126824379,0.09661215543746948,0.0,TN
553,46,29,0.08055348694324493,0.05680427700281143,0.7868121862411499,1.0,TP
554,46,41,0.06885731965303421,0.04652160033583641,0.11498396843671799,0.0,TN
555,46,42,0.08826187252998352,0.06681401282548904,0.2328851819038391,0.0,TN
556,46,43,0.0842733383178711,0.0652129054069519,0.3357137441635132,0.0,TN
557,46,44,0.08835328370332718,0.08200140297412872,0.17690320312976837,0.0,TN
558,46,45,0.0798492282629013,0.08190296590328217,0.14098374545574188,0.0,TN
559,46,47,0.07489980757236481,0.19060641527175903,0.700918436050415,0.0,TN
560,46,48,0.07981537282466888,0.053161073476076126,0.19885289669036865,0.0,TN
561,46,49,0.07190908491611481,0.030141402035951614,0.10942293703556061,0.0,TN
562,46,50,0.08442698419094086,0.062126919627189636,0.7070788145065308,1.0,TP
563,46,51,0.07232886552810669,0.02976560965180397,0.13636279106140137,0.0,TN
564,47,16,0.08534303307533264,0.05077376961708069,0.09388711303472519,0.0,TN
565,47,28,0.08236672729253769,0.03322364017367363,0.3496444523334503,0.0,TN
566,47,29,0.07792282104492188,0.36745911836624146,0.7759758830070496,0.0,FP
567,47,41,0.0664951279759407,0.034546710550785065,0.37643107771873474,0.0,TN
568,47,42,0.08563306927680969,0.03663995489478111,0.2216227948665619,0.0,TN
569,47,43,0.08158500492572784,0.09554209560155869,0.826266348361969,1.0,TP
570,47,44,0.08601947873830795,0.042521145194768906,0.17928916215896606,0.0,TN
571,47,45,0.0771951824426651,0.0655921995639801,0.15712350606918335,0.0,TN
572,47,46,0.07489980757236481,0.19060641527175903,0.700918436050415,0.0,TN
573,47,48,0.07730919122695923,0.09241226315498352,0.769822359085083,1.0,TP
574,47,49,0.06936949491500854,0.034973472356796265,0.5524849891662598,0.0,TN
575,47,50,0.08144816011190414,0.22482961416244507,0.786354660987854,0.0,FP
576,47,51,0.06979420781135559,0.017934756353497505,0.12385354936122894,0.0,TN
577,47,52,0.07818843424320221,0.02220524102449417,0.10591775178909302,0.0,TN
578,48,28,0.08708350360393524,0.06185517460107803,0.1771048605442047,0.0,TN
579,48,29,0.08335112035274506,0.02878275141119957,0.2585543990135193,0.0,TN
580,48,43,0.08652566373348236,0.09410177171230316,0.14861416816711426,0.0,TN
581,48,46,0.07981537282466888,0.053161073476076126,0.19885289669036865,0.0,TN
582,48,47,0.07730919122695923,0.09241226315498352,0.769822359085083,1.0,TP
583,48,49,0.07472404837608337,0.20707139372825623,0.8752748370170593,0.0,FP
584,48,50,0.08610811829566956,0.09602051973342896,0.07758060842752457,0.0,TN
585,48,51,0.07500915229320526,0.040141716599464417,0.1254042088985443,0.0,TN
586,48,52,0.08358481526374817,0.051554836332798004,0.10152777284383774,0.0,TN
587,48,53,0.07942768931388855,0.03231215476989746,0.319762647151947,0.0,TN
588,48,54,0.07130959630012512,0.07291415333747864,0.0818338617682457,0.0,TN
589,48,57,0.06878328323364258,0.06271026283502579,0.08527198433876038,0.0,TN
590,49,16,0.08192776143550873,0.10485966503620148,0.10531947761774063,0.0,TN
591,49,28,0.07927138358354568,0.043359026312828064,0.5232142210006714,0.0,TN
592,49,29,0.07547201216220856,0.015675809234380722,0.3475099802017212,0.0,TN
593,49,43,0.07838548719882965,0.062065333127975464,0.1355760097503662,0.0,TN
594,49,46,0.07190908491611481,0.030141402035951614,0.10942293703556061,0.0,TN
595,49,47,0.06936949491500854,0.034973472356796265,0.5524849891662598,0.0,TN
596,49,48,0.07472404837608337,0.20707139372825623,0.8752748370170593,0.0,FP
597,49,50,0.07825808972120285,0.05784939229488373,0.09129557013511658,0.0,TN
598,49,51,0.06716418266296387,0.05447040870785713,0.7382650375366211,0.0,FP
599,49,52,0.07550057023763657,0.03289077430963516,0.13781754672527313,0.0,TN
600,49,53,0.0715651586651802,0.020003966987133026,0.3107900023460388,0.0,TN
601,49,54,0.06377273052930832,0.036825623363256454,0.2774157226085663,0.0,TN
602,49,55,0.07858242094516754,0.048882611095905304,0.0950658991932869,0.0,TN
603,49,56,0.07162515074014664,0.026490651071071625,0.17180132865905762,0.0,TN
604,49,57,0.06098967045545578,0.03182385116815567,0.11950209736824036,0.0,TN
605,50,29,0.08642920851707458,0.04706490412354469,0.37664148211479187,0.0,TN
606,50,41,0.07550421357154846,0.06115183234214783,0.11369717121124268,0.0,TN
607,50,42,0.09522262215614319,0.06649982929229736,0.27850401401519775,0.0,TN
608,50,43,0.09133097529411316,0.14018163084983826,0.7951106429100037,0.0,FP
609,50,44,0.09570571035146713,0.0866323858499527,0.37393590807914734,0.0,TN
610,50,45,0.0868804007768631,0.08449633419513702,0.1802257001399994,0.0,TN
611,50,46,0.08442698419094086,0.062126919627189636,0.7070788145065308,1.0,TP
612,50,47,0.08144816011190414,0.22482961416244507,0.786354660987854,0.0,FP
613,50,48,0.08610811829566956,0.09602051973342896,0.07758060842752457,0.0,TN
614,50,49,0.07825808972120285,0.05784939229488373,0.09129557013511658,0.0,TN
615,50,51,0.07838976383209229,0.06089427322149277,0.08012718707323074,0.0,TN
616,51,28,0.07900308817625046,0.0601843036711216,0.08940714597702026,0.0,TN
617,51,29,0.07549740374088287,0.01783006265759468,0.2557491362094879,0.0,TN
618,51,46,0.07232886552810669,0.02976560965180397,0.13636279106140137,0.0,TN
619,51,47,0.06979420781135559,0.017934756353497505,0.12385354936122894,0.0,TN
620,51,48,0.07500915229320526,0.040141716599464417,0.1254042088985443,0.0,TN
621,51,49,0.06716418266296387,0.05447040870785713,0.7382650375366211,0.0,FP
622,51,50,0.07838976383209229,0.06089427322149277,0.08012718707323074,0.0,TN
623,51,52,0.07582195103168488,0.09867788851261139,0.7497892379760742,0.0,FP
624,51,53,0.07168011367321014,0.05769464373588562,0.7024880051612854,1.0,TP
625,51,54,0.063720703125,0.07539067417383194,0.6926528811454773,0.0,TN
626,51,55,0.07869812846183777,0.045426420867443085,0.062080007046461105,0.0,TN
627,51,56,0.07155069708824158,0.03819085657596588,0.10954034328460693,0.0,TN
628,51,57,0.06118249148130417,0.03254152089357376,0.0956728458404541,0.0,TN
629,51,58,0.07427658140659332,0.06713435053825378,0.19673365354537964,0.0,TN
630,51,60,0.07446686923503876,0.10302549600601196,0.15046754479408264,0.0,TN
631,52,28,0.0876120924949646,0.09335367381572723,0.08487814664840698,0.0,TN
632,52,47,0.07818843424320221,0.02220524102449417,0.10591775178909302,0.0,TN
633,52,48,0.08358481526374817,0.051554836332798004,0.10152777284383774,0.0,TN
634,52,49,0.07550057023763657,0.03289077430963516,0.13781754672527313,0.0,TN
635,52,51,0.07582195103168488,0.09867788851261139,0.7497892379760742,0.0,FP
636,52,53,0.08072876930236816,0.044651903212070465,0.7774320840835571,0.0,FP
637,52,54,0.07261715829372406,0.03520473465323448,0.07478684186935425,0.0,TN
638,52,55,0.08822841942310333,0.016886966302990913,0.07901643216609955,0.0,TN
639,52,56,0.0809854194521904,0.01230225246399641,0.1388866901397705,0.0,TN
640,52,57,0.07003147900104523,0.5531352758407593,0.7194311022758484,1.0,TP
641,52,58,0.08379332721233368,0.03932178393006325,0.37650588154792786,0.0,TN
642,52,60,0.08337302505970001,0.08885512501001358,0.2027437686920166,0.0,TN
643,53,28,0.08320093154907227,0.05824476480484009,0.12129606306552887,0.0,TN
644,53,48,0.07942768931388855,0.03231215476989746,0.319762647151947,0.0,TN
645,53,49,0.0715651586651802,0.020003966987133026,0.3107900023460388,0.0,TN
646,53,51,0.07168011367321014,0.05769464373588562,0.7024880051612854,1.0,TP
647,53,52,0.08072876930236816,0.044651903212070465,0.7774320840835571,0.0,FP
648,53,54,0.06859809160232544,0.17452675104141235,0.7800418138504028,0.0,FP
649,53,55,0.08505003154277802,0.6094785332679749,0.7879359722137451,0.0,FP
650,53,56,0.07723064720630646,0.01408938504755497,0.7962614297866821,0.0,FP
651,53,57,0.06594071537256241,0.031604211777448654,0.6280765533447266,0.0,TN
652,53,58,0.07973923534154892,0.014093194156885147,0.3253124952316284,1.0,FN
653,53,59,0.08735309541225433,0.04249177873134613,0.16362324357032776,0.0,TN
654,53,60,0.0794311910867691,0.042412471026182175,0.432738333940506,0.0,TN
655,53,61,0.0873124748468399,0.0663202628493309,0.11707305908203125,0.0,TN
656,54,28,0.07564198970794678,0.11661633104085922,0.07385489344596863,0.0,TN
657,54,29,0.07193132489919662,0.031530074775218964,0.06959591060876846,0.0,TN
658,54,48,0.07130959630012512,0.07291415333747864,0.0818338617682457,0.0,TN
659,54,49,0.06377273052930832,0.036825623363256454,0.2774157226085663,0.0,TN
660,54,51,0.063720703125,0.07539067417383194,0.6926528811454773,0.0,TN
661,54,52,0.07261715829372406,0.03520473465323448,0.07478684186935425,0.0,TN
662,54,53,0.06859809160232544,0.17452675104141235,0.7800418138504028,0.0,FP
663,54,55,0.07646624743938446,0.014529782347381115,0.05978425219655037,0.0,TN
664,54,56,0.06913168728351593,0.044450871646404266,0.742017388343811,1.0,TP
665,54,57,0.05892341583967209,0.015983017161488533,0.47593069076538086,0.0,TN
666,54,58,0.07207049429416656,0.10444299876689911,0.7519782781600952,0.0,FP
667,54,59,0.08026114851236343,0.03282634913921356,0.14417672157287598,0.0,TN
668,54,60,0.07252077758312225,0.06992515176534653,0.6350815296173096,0.0,TN
669,54,61,0.0798003226518631,0.10438644886016846,0.10540890693664551,0.0,TN
670,54,62,0.07977446913719177,0.11003096401691437,0.09505212306976318,0.0,TN
671,54,63,0.07985712587833405,0.09465266764163971,0.09881824254989624,0.0,TN
672,55,49,0.07858242094516754,0.048882611095905304,0.0950658991932869,0.0,TN
673,55,51,0.07869812846183777,0.045426420867443085,0.062080007046461105,0.0,TN
674,55,52,0.08822841942310333,0.016886966302990913,0.07901643216609955,0.0,TN
675,55,53,0.08505003154277802,0.6094785332679749,0.7879359722137451,0.0,FP
676,55,54,0.07646624743938446,0.014529782347381115,0.05978425219655037,0.0,TN
677,55,56,0.08574003726243973,0.6873525977134705,0.7933040857315063,1.0,TP
678,55,57,0.07350755482912064,0.01972774788737297,0.4515695869922638,1.0,FN
679,55,58,0.08767284452915192,0.02051827497780323,0.12101057171821594,0.0,TN
680,55,59,0.09543372690677643,0.07456685602664948,0.08270695805549622,0.0,TN
681,55,60,0.08772256970405579,0.052727267146110535,0.14224769175052643,0.0,TN
682,55,61,0.09551678597927094,0.08867881447076797,0.09678560495376587,0.0,TN
683,56,49,0.07162515074014664,0.026490651071071625,0.17180132865905762,0.0,TN
684,56,51,0.07155069708824158,0.03819085657596588,0.10954034328460693,0.0,TN
685,56,52,0.0809854194521904,0.01230225246399641,0.1388866901397705,0.0,TN
686,56,53,0.07723064720630646,0.01408938504755497,0.7962614297866821,0.0,FP
687,56,54,0.06913168728351593,0.044450871646404266,0.742017388343811,1.0,TP
688,56,55,0.08574003726243973,0.6873525977134705,0.7933040857315063,1.0,TP
689,56,57,0.06655136495828629,0.027700405567884445,0.6056952476501465,0.0,TN
690,56,58,0.08076545596122742,0.06918363273143768,0.8675249814987183,0.0,FP
691,56,59,0.0880572646856308,0.05746600031852722,0.1838114857673645,0.0,TN
692,56,60,0.08024576306343079,0.03455526381731033,0.3245375156402588,0.0,TN
693,56,61,0.08829851448535919,0.058924637734889984,0.15349239110946655,0.0,TN
694,56,62,0.08713191747665405,0.099908247590065,0.11839784681797028,0.0,TN
695,56,63,0.08740004897117615,0.07724227011203766,0.13293184340000153,0.0,TN
696,57,28,0.07287262380123138,0.10784181952476501,0.09671632200479507,0.0,TN
697,57,29,0.06932839751243591,0.02712780237197876,0.09193232655525208,0.0,TN
698,57,35,0.0765480250120163,0.036027126014232635,0.08358651399612427,0.0,TN
699,57,36,0.07793473452329636,0.09406564384698868,0.08056993782520294,0.0,TN
700,57,48,0.06878328323364258,0.06271026283502579,0.08527198433876038,0.0,TN
701,57,49,0.06098967045545578,0.03182385116815567,0.11950209736824036,0.0,TN
702,57,51,0.06118249148130417,0.03254152089357376,0.0956728458404541,0.0,TN
703,57,52,0.07003147900104523,0.5531352758407593,0.7194311022758484,1.0,TP
704,57,53,0.06594071537256241,0.031604211777448654,0.6280765533447266,0.0,TN
705,57,54,0.05892341583967209,0.015983017161488533,0.47593069076538086,0.0,TN
706,57,55,0.07350755482912064,0.01972774788737297,0.4515695869922638,1.0,FN
707,57,56,0.06655136495828629,0.027700405567884445,0.6056952476501465,0.0,TN
708,57,58,0.06933519244194031,0.11567900329828262,0.7900054454803467,0.0,FP
709,57,59,0.07801573723554611,0.041329458355903625,0.35614103078842163,0.0,TN
710,57,60,0.06938420236110687,0.041289132088422775,0.15490420162677765,0.0,TN
711,57,61,0.07729422301054001,0.07328999042510986,0.11558786034584045,0.0,TN
712,57,62,0.0775323286652565,0.04786287248134613,0.10023028403520584,0.0,TN
713,57,63,0.07765123248100281,0.039937280118465424,0.09456496685743332,0.0,TN
714,58,51,0.07427658140659332,0.06713435053825378,0.19673365354537964,0.0,TN
715,58,52,0.08379332721233368,0.03932178393006325,0.37650588154792786,0.0,TN
716,58,53,0.07973923534154892,0.014093194156885147,0.3253124952316284,1.0,FN
717,58,54,0.07207049429416656,0.10444299876689911,0.7519782781600952,0.0,FP
718,58,55,0.08767284452915192,0.02051827497780323,0.12101057171821594,0.0,TN
719,58,56,0.08076545596122742,0.06918363273143768,0.8675249814987183,0.0,FP
720,58,57,0.06933519244194031,0.11567900329828262,0.7900054454803467,0.0,FP
721,58,59,0.09175431728363037,0.10938725620508194,0.6235009431838989,1.0,FN
722,58,60,0.08345621079206467,0.05524678900837898,0.8560616970062256,1.0,TP
723,58,61,0.09161631762981415,0.06598293781280518,0.30454856157302856,0.0,TN
724,58,62,0.09102331101894379,0.09922139346599579,0.10660906136035919,0.0,TN
725,58,63,0.09120626747608185,0.08456861972808838,0.1547478437423706,0.0,TN
726,59,53,0.08735309541225433,0.04249177873134613,0.16362324357032776,0.0,TN
727,59,54,0.08026114851236343,0.03282634913921356,0.14417672157287598,0.0,TN
728,59,55,0.09543372690677643,0.07456685602664948,0.08270695805549622,0.0,TN
729,59,56,0.0880572646856308,0.05746600031852722,0.1838114857673645,0.0,TN
730,59,57,0.07801573723554611,0.041329458355903625,0.35614103078842163,0.0,TN
731,59,58,0.09175431728363037,0.10938725620508194,0.6235009431838989,1.0,FN
732,59,60,0.09228067845106125,0.05164505913853645,0.2648027837276459,0.0,TN
733,59,61,0.1011386588215828,0.21489951014518738,0.7138212323188782,1.0,TP
734,59,62,0.10036489367485046,0.03431778401136398,0.3593577742576599,0.0,TN
735,59,63,0.10066042095422745,0.07670170068740845,0.8577498197555542,1.0,TP
736,60,51,0.07446686923503876,0.10302549600601196,0.15046754479408264,0.0,TN
737,60,52,0.08337302505970001,0.08885512501001358,0.2027437686920166,0.0,TN
738,60,53,0.0794311910867691,0.042412471026182175,0.432738333940506,0.0,TN
739,60,54,0.07252077758312225,0.06992515176534653,0.6350815296173096,0.0,TN
740,60,55,0.08772256970405579,0.052727267146110535,0.14224769175052643,0.0,TN
741,60,56,0.08024576306343079,0.03455526381731033,0.3245375156402588,0.0,TN
742,60,57,0.06938420236110687,0.041289132088422775,0.15490420162677765,0.0,TN
743,60,58,0.08345621079206467,0.05524678900837898,0.8560616970062256,1.0,TP
744,60,59,0.09228067845106125,0.05164505913853645,0.2648027837276459,0.0,TN
745,60,61,0.09234059602022171,0.05964852124452591,0.13689696788787842,0.0,TN
746,60,62,0.09206260740756989,0.06287693977355957,0.09518363326787949,0.0,TN
747,60,63,0.09212588518857956,0.05421252176165581,0.09732677042484283,0.0,TN
748,61,53,0.0873124748468399,0.0663202628493309,0.11707305908203125,0.0,TN
749,61,54,0.0798003226518631,0.10438644886016846,0.10540890693664551,0.0,TN
750,61,55,0.09551678597927094,0.08867881447076797,0.09678560495376587,0.0,TN
751,61,56,0.08829851448535919,0.058924637734889984,0.15349239110946655,0.0,TN
752,61,57,0.07729422301054001,0.07328999042510986,0.11558786034584045,0.0,TN
753,61,58,0.09161631762981415,0.06598293781280518,0.30454856157302856,0.0,TN
754,61,59,0.1011386588215828,0.21489951014518738,0.7138212323188782,1.0,TP
755,61,60,0.09234059602022171,0.05964852124452591,0.13689696788787842,0.0,TN
756,61,62,0.10091782361268997,0.043731752783060074,0.1113208532333374,0.0,TN
757,61,63,0.10137663781642914,0.032866232097148895,0.21400654315948486,0.0,TN
758,62,32,0.0961681604385376,0.06084470823407173,0.088453009724617,0.0,TN
759,62,36,0.10182595252990723,0.11169030517339706,0.09597671777009964,0.0,TN
760,62,54,0.07977446913719177,0.11003096401691437,0.09505212306976318,0.0,TN
761,62,56,0.08713191747665405,0.099908247590065,0.11839784681797028,0.0,TN
762,62,57,0.0775323286652565,0.04786287248134613,0.10023028403520584,0.0,TN
763,62,58,0.09102331101894379,0.09922139346599579,0.10660906136035919,0.0,TN
764,62,59,0.10036489367485046,0.03431778401136398,0.3593577742576599,0.0,TN
765,62,60,0.09206260740756989,0.06287693977355957,0.09518363326787949,0.0,TN
766,62,61,0.10091782361268997,0.043731752783060074,0.1113208532333374,0.0,TN
767,62,63,0.10134947299957275,0.03870755434036255,0.910214900970459,1.0,TP
768,63,32,0.09586024284362793,0.08382652699947357,0.09045274555683136,0.0,TN
769,63,36,0.10141727328300476,0.1393257975578308,0.09174726158380508,0.0,TN
770,63,54,0.07985712587833405,0.09465266764163971,0.09881824254989624,0.0,TN
771,63,56,0.08740004897117615,0.07724227011203766,0.13293184340000153,0.0,TN
772,63,57,0.07765123248100281,0.039937280118465424,0.09456496685743332,0.0,TN
773,63,58,0.09120626747608185,0.08456861972808838,0.1547478437423706,0.0,TN
774,63,59,0.10066042095422745,0.07670170068740845,0.8577498197555542,1.0,TP
775,63,60,0.09212588518857956,0.05421252176165581,0.09732677042484283,0.0,TN
776,63,61,0.10137663781642914,0.032866232097148895,0.21400654315948486,0.0,TN
777,63,62,0.10134947299957275,0.03870755434036255,0.910214900970459,1.0,TP
778,64,23,0.07368633151054382,0.17676256597042084,0.08561726659536362,0.0,TN
779,64,24,0.07989812642335892,0.10323229432106018,0.09412480145692825,0.0,TN
780,64,25,0.08235584199428558,0.1412927508354187,0.09372072666883469,0.0,TN
781,64,27,0.09078975021839142,0.09392272680997849,0.10377954691648483,0.0,TN
782,64,37,0.08806077390909195,0.10996182262897491,0.09617957472801208,0.0,TN
783,64,38,0.10051913559436798,0.05575142055749893,0.1664930284023285,0.0,TN
784,64,39,0.1001804769039154,0.026760997250676155,0.6538207530975342,0.0,TN
785,64,40,0.08493576943874359,0.11274918913841248,0.10394253581762314,0.0,TN
786,64,41,0.07936763018369675,0.0822153091430664,0.08530721068382263,0.0,TN
787,64,45,0.09196062386035919,0.08095592260360718,0.11279928684234619,0.0,TN
